entity_id,fiscal_year,currency,fx_per_usd,revenue,related_party_revenue,cogs,opex,royalty_expense,operating_profit,total_costs,related_party_purchases,accounts_receivable,inventory,accounts_payable,total_operating_assets
E01,2023,USD,1,820000000,176400000,426400000,254200000,0,139400000,680600000,170900000,114800000,82000000,51168000,738000000
E01,2024,USD,1,870000000,191520000,452400000,269700000,0,147900000,722100000,187395000,121800000,87000000,54288000,783000000
E01,2025,USD,1,905000000,198240000,470600000,280550000,0,153850000,751150000,199125000,126700000,90500000,56472000,814500000
E02,2023,INR,82.6,3609620000,3609620000,2448264000,690536000,0,470820000,3138800000,0,902405000,0,251104000,1412460000
E02,2024,INR,83.7,4007556000,4007556000,2742012000,773388000,0,492156000,3515400000,75330000,1001889000,0,281232000,1581930000
E02,2025,INR,86.0,4425990000,4425990000,3152760000,889240000,0,383990000,4042000000,77400000,1106497500,0,323360000,1818900000
E03,2023,CHF,0.9,5670000,5670000,0,5400000,0,270000,5400000,0,1134000,0,540000,2700000
E03,2024,CHF,0.88,5821200,5821200,0,5544000,0,277200,5544000,0,1164240,0,554400,2772000
E03,2025,CHF,0.85,5890500,5890500,0,5610000,0,280500,5610000,0,1178100,0,561000,2805000
E04,2023,MXN,17.8,2264160000,2264160000,1879680000,256320000,0,128160000,2136000000,0,339624000,0,213600000,1691000000
E04,2024,MXN,18.3,2553124500,2553124500,2109624000,287676000,0,155824500,2397300000,0,382968675,0,239730000,1866600000
E04,2025,MXN,19.0,2805540000,2805540000,2307360000,314640000,0,183540000,2622000000,0,420831000,0,262200000,2052000000
E05,2023,EUR,0.925,194250000,0,163170000,25641000,0,5439000,188811000,163170000,33022500,23310000,22843800,73815000
E05,2024,EUR,0.924,210672000,0,176964480,29704752,0,4002768,206669232,176964480,35814240,25280640,24775027,80055360
E05,2025,EUR,0.9,212400000,0,178416000,30160800,6372000,-2548800,214948800,178416000,36108000,25488000,24978240,80712000
