rule_id,jurisdiction,trigger_name,applies_to,condition,threshold,severity,action,reference
R01,OECD,PLI outside arm's length range,All tested parties,weighted_avg_pli < lower_quartile OR weighted_avg_pli > upper_quartile,,High,Propose adjustment to median; open benchmark review,OECD TP Guidelines Ch. III (arm's length range)
R02,OECD,Limited-risk entity reports operating loss,functional_profile contains 'Limited-risk',operating_profit < 0,,High,Flag; review risk allocation and any new charges,OECD TP Guidelines Ch. I (losses) & Ch. IX
R03,OECD,Low value-adding service markup deviates from 5%,transaction_type = 'Services - low value-adding',actual_markup != threshold,0.05,Medium,Check simplified-approach eligibility and markup,"OECD TP Guidelines Ch. VII, Section D"
R04,OECD,New IC transaction without written agreement,All transactions,"fiscal_year = current_year AND written_agreement = 'N' (High if first_year = current_year, else Medium)",,High,Draft intercompany agreement; delineate transaction,"OECD TP Guidelines Ch. I, Section D.1"
R05,OECD,IC loan rate outside market range,transaction_type contains 'loan',interest_rate < market_rate_low OR > market_rate_high,0.045;0.075,Medium,Run credit rating + loan benchmark,OECD TP Guidelines Ch. X
R06,US,Material IC transactions require contemporaneous documentation,Parent E01,sum(amount_usd) > threshold,1000000,Medium,Prepare US TP documentation (CPM analysis),"IRC §482; Treas. Reg. §1.482-5 (CPM), §1.6662-6"
R07,India,International transactions exceed documentation threshold,Entity country = IN,sum(amount_local) > threshold,10000000,Medium,Prepare TP study + accountant's report,India TP provisions (Income-tax Act) & rules - verify current section refs
R08,India,Management fee paid to AE without benefit evidence,recipient country = IN AND type = management fee,notes contains 'No benefit-test',,Medium,"Collect benefit-test evidence (emails, deliverables)",India TP practice; OECD Ch. VII (benefit test)
R09,India,Actual markup deviates from TP policy,Entity E02,abs(actual_markup - policy_markup) > threshold,0.02,High,Year-end true-up / investigate,Internal TP policy vs. arm's length outcome
R10,Mexico,Maquila margin below safe harbor,Entity country = MX AND profile contains 'maquila',"operating_profit < max(rate_costs*total_costs, rate_assets*total_operating_assets) for any open year",0.065;0.069,High,Compute safe harbor shortfall; consider APA,Mexico LISR Art. 182 (maquila safe harbor) - verify
R11,Germany,Extraordinary transaction needs contemporaneous documentation,Entity country = DE,first_year = current_year,,Medium,Document within statutory window,German Fiscal Code §90(3) AO - verify
R12,Switzerland,Service markup vs. Swiss practice,Entity country = CH,actual_markup < threshold,0.05,Low,Confirm markup supports Swiss position,Swiss FTA practice - verify
R13,OECD/BEPS,Country-by-Country Reporting required,Group level,group_revenue_eur >= threshold,750000000,Info,Prepare CbCR (future scope),OECD BEPS Action 13
R14,OECD/BEPS,Pillar Two GloBE rules in scope,Group level,group_revenue_eur >= threshold,750000000,Info,Run GloBE ETR screening (future scope),OECD Pillar Two Model Rules
